id,username,created_at,lng,lat,text
1.51766E+18,lrng2019,Sat Apr 23 00:41:24 +0000 2022,-92.014436,41.657607,LRNG WINS AGAIN! Varsity with a 190 and JV with a 219!JV medalist: Juliane Miller (53)Varsity medalist: Teagan S‚Ä¶ https://t.co/vn5U5zQcre
1.51766E+18,AlexMCoffman,Sat Apr 23 00:41:24 +0000 2022,-73.988764,40.722186,gn New York üóΩ https://t.co/LLMXQ4qOZK
1.51766E+18,alyknits,Sat Apr 23 00:41:24 +0000 2022,-120.882482,47.273022,It‚Äôs after 5pm and I haven‚Äôt gotten the job offer I was expecting today. ‚òπÔ∏è
1.51766E+18,MandyKate24,Sat Apr 23 00:41:25 +0000 2022,-89.876449,32.571032,Wordle 307 2/6üü®‚¨õ‚¨õ‚¨õüü®üü©üü©üü©üü©üü©
1.51766E+18,Yochanan,Sat Apr 23 00:41:25 +0000 2022,-111.7375655,33.4057545,"@QueenHa87049226 Thriller, hands down."
1.51766E+18,Eric_Birdland,Sat Apr 23 00:41:25 +0000 2022,-82.5330735,27.3411215,RHP prospect Alejandro Mendez is in for @shorebirds and his 1st batter ends in a 3-pitch k! #offspeed #funky‚Ä¶ https://t.co/OGPVPig6Ph
1.51766E+18,pataky_m,Sat Apr 23 00:41:25 +0000 2022,-85.569871,42.1979655,Sometimes anger protects you from the sadness. Anger is the adrenaline and fearlessness that you need in the moment‚Ä¶ https://t.co/kJjQ2ZWr3Q
1.51766E+18,NDNSsoftball,Sat Apr 23 00:41:25 +0000 2022,-96.8009,32.362335,Run scored @marleejackson22 https://t.co/KnMQ29s4oZ
1.51766E+18,Hardly_Focused,Sat Apr 23 00:41:25 +0000 2022,-74.0701695,40.944571,Whole mood
1.51766E+18,Iammrfields,Sat Apr 23 00:41:26 +0000 2022,-77.101999,38.8808445,‚ÄúJust So You Remember‚Äù sounds has the sounds of a Mike Tyson‚Äôs Punch Out‚Ä¶ I can‚Äôt explain why smh
1.51766E+18,quis__custodiet,Sat Apr 23 00:41:26 +0000 2022,-118.42326,33.93233,0041ZN140HP CALIFORNIA HIGHWAY PATROLSquawk: 0212N33.9323 W118.4233Altitude: 2975ftCourse: 240¬∫Groundspeed: 9‚Ä¶ https://t.co/DWkyZ26q7u
1.51766E+18,joseimorales11,Sat Apr 23 00:41:26 +0000 2022,-87.732013,41.8335845,For fricking real
1.51766E+18,Addison_Jacoby,Sat Apr 23 00:41:26 +0000 2022,-87.732013,41.8335845,üëÄüî¥‚ÄºÔ∏èBiggest night in a looooong time
1.51766E+18,BankerBoggs,Sat Apr 23 00:41:26 +0000 2022,-97.2859135,32.7799665,@zebsbaseball @natalieevans125 @kio_penn7 @CarsonHueyYoung @izaak_mcmahan @Bigeast43 1 more to host üí™üèª
1.51766E+18,HeadQueen919,Sat Apr 23 00:41:26 +0000 2022,-79.391946,34.1657375,@mayonaka324 Some Chinese and some Southern food. Lol
1.51766E+18,izzyfoshizzy,Sat Apr 23 00:41:26 +0000 2022,-98.5406515,29.417501,my goal for this weekend is to get drunk enough to get an eyebrow piercing
1.51766E+18,Queen_of_Mordor,Sat Apr 23 00:41:26 +0000 2022,-106.026119,34.166235,I'm currently living on Arrakis. High &amp; strong winds are blowing sand and forming sand dunes. I have sand on my ski‚Ä¶ https://t.co/xULWhfvs3j
1.51766E+18,jpep20,Sat Apr 23 00:41:26 +0000 2022,-75.1289445,39.8679805,Man I hop off here for a few hours and the off-season decides to kick back up it‚Äôs crazy pants side
1.51766E+18,kenny_sports,Sat Apr 23 00:41:27 +0000 2022,-73.8494415,40.8503475,Enhancement talents in @WWE Someone has been watching @AEW #WWE #SmackDown
1.51766E+18,MartiTweetsTV,Sat Apr 23 00:41:27 +0000 2022,-82.6694675,40.3651595,@robypaula @traciejules @JolieC @True_Irish_Owl @sheeshkabob @michelemccarrol @caramelcoat8dme @iminfectious‚Ä¶ https://t.co/QO7k0Gg2Jk
1.51766E+18,SuperBwood99,Sat Apr 23 00:41:27 +0000 2022,-97.367823,32.709584,@TCUFootball @TCU_Athletics  TCU spring game with my dad. https://t.co/QtcxcOb57V
1.51766E+18,goopeerr2,Sat Apr 23 00:41:28 +0000 2022,-93.1056485,44.9415155,check out my podcast
1.51766E+18,MrDTroy,Sat Apr 23 00:41:28 +0000 2022,-89.0175665,42.2571455,I shoulda been a jobber mane smh I know they make nice lil bread just to get squashed
1.51766E+18,ButterLover1213,Sat Apr 23 00:41:28 +0000 2022,-75.340889,40.123408,@laura898 Ohh that's a good one!
1.51766E+18,1rozay_,Sat Apr 23 00:41:28 +0000 2022,-83.804475,27.698682,She was like I keep thinking that‚Äôs you. And the girl wear her hair like me üòÇ
1.51766E+18,bcramer15,Sat Apr 23 00:41:28 +0000 2022,-111.928142,33.392884,"Walk on water dropped, got a @GudVibrations jersey and a @SlanderOfficial pash for my birthday, and I get to see‚Ä¶ https://t.co/T3kn74d3Gv"
1.51766E+18,paper_sleeves,Sat Apr 23 00:41:28 +0000 2022,-93.2620465,44.9706105,"I've got a pretty good Cynthia Plaster Caster story. Unfortunately, not what yr thinking tho üòÖ"
1.51766E+18,fastballxxx,Sat Apr 23 00:41:29 +0000 2022,-81.267942,32.099476,"@BBeeLight1 bullshit! I get tired of paying taxes while Walmart, Amazon, Tesla, Disney etc...PAY NOTHING!"
1.51766E+18,elishadurham_,Sat Apr 23 00:41:29 +0000 2022,-83.494088,42.48158,Come see me play tmr at the @SMSBFootball Mid west tournament üó£ can‚Äôt wait should be fun ! @TheD_Zone‚Ä¶ https://t.co/Gyb11gtJyS
1.51766E+18,STUART_1974_,Sat Apr 23 00:41:29 +0000 2022,-111.997441,40.6787035,@_laurynntaylorr Omg... let's meet
1.51766E+18,MFStaley,Sat Apr 23 00:41:29 +0000 2022,-83.804475,27.698682,@bellavery AM radio. There were limited FM üìª Stations.  Music use to be played on AM before Stereo was introduced.
1.51766E+18,CharmCityReds,Sat Apr 23 00:41:29 +0000 2022,-76.593556,39.283485,When Em is behind the bar you know it‚Äôs match day üî¥ @ToddConners #CharmCityReds https://t.co/BCt9HVRG5N
1.51766E+18,deeepbridge,Sat Apr 23 00:41:30 +0000 2022,-73.763825,42.7391215,Bruhhhh you got to text him and you see his silent mode already on üòÖ
1.51766E+18,SaintLaurant,Sat Apr 23 00:41:30 +0000 2022,-96.7349005,33.0612425,@artist1collect @lmauricecpr Am so sorry.üíî
1.51766E+18,TaylorKing_tv,Sat Apr 23 00:41:30 +0000 2022,-85.124216,41.114684,Let‚Äôs Go Komets! @FWKomets https://t.co/Ng0Y15swtL
1.51766E+18,gcclark413,Sat Apr 23 00:41:30 +0000 2022,-80.9271385,29.035797,"@AP Lying is an art form, and her base believes all the lies"
1.51766E+18,riffatrehanarif,Sat Apr 23 00:41:30 +0000 2022,-71.0887125,42.3136695,@BrigZaman Asad Majeed is not a character!He is a national hero and a patriotic citizen of Pakistan!!üáµüá∞‚ù§Ô∏èüëçüáµüá∞‚ù§Ô∏è‚ù§Ô∏èüáµüá∞‚ô•Ô∏èüëç
1.51766E+18,almighty_red,Sat Apr 23 00:41:30 +0000 2022,-80.2333285,25.7823535,"damn i'm faded as hell. i need ""stand-backs""."
1.51766E+18,LenaBlietz,Sat Apr 23 00:41:30 +0000 2022,-97.754724,30.3233455,@azimmerman512 wow why are you hating
1.51766E+18,Chicagorobyn65,Sat Apr 23 00:41:30 +0000 2022,-88.1425115,41.519556,@TheDazzlingOne Oh my gosh same!!! I‚Äôm listening to music and not looking at the tv lol
1.51766E+18,Nutmeg555666,Sat Apr 23 00:41:31 +0000 2022,-75.117998,40.0048655,Lol I should've gotten stoned for this üòÇ
1.51766E+18,oliveunncut,Sat Apr 23 00:41:31 +0000 2022,-77.0143985,38.898603,"The gays that hate me are band from Nine, so its safe space for me"
1.51766E+18,Richard36871190,Sat Apr 23 00:41:31 +0000 2022,-84.5321325,33.9481235,@MonsterAGoGo1 @dcexaminer @JudiciaryGOP @Jim_Jordan @Twitter @elonmusk I love her
1.51766E+18,per76100837,Sat Apr 23 00:41:31 +0000 2022,-86.791549,36.200008,@dyanimeme @svdate I am with you on that.
1.51766E+18,excusethehoe,Sat Apr 23 00:41:31 +0000 2022,-84.714162,33.736306,Only real niggas saying Mario
1.51766E+18,IanRiccaboni,Sat Apr 23 00:41:31 +0000 2022,-75.5236135,40.5769195,For reference:https://t.co/1rcWBdmXUC
1.51766E+18,jj_vzquez1,Sat Apr 23 00:41:31 +0000 2022,-117.851089,33.842863,@Jolie_Rebeka @LucyIsabela2 üòçbeautifull https://t.co/SRrcbTVOhW
1.51766E+18,trueestoner27,Sat Apr 23 00:41:32 +0000 2022,-83.1738665,32.6782075,she call me her savior‚Ä¶i already kno üòé
1.51766E+18,TT_BrianHoxsey,Sat Apr 23 00:41:32 +0000 2022,-89.0702725,41.29864,"Prep Baseball Interstate Eight Conference Ottawa 5La Salle-Peru 4End of the 5th inningCavs get first two hitters on, but do not score."
1.51766E+18,eldarkroom,Sat Apr 23 00:41:32 +0000 2022,-73.9487755,40.655138,It‚Äôs always the ones that do the least that talk the most
1.51766E+18,SerineKat,Sat Apr 23 00:41:32 +0000 2022,-114.1432625,45.4945515,@pigneedle Yea‚Ä¶ Hugo is ALWAYS watching‚Ä¶ he‚Äôs my Velcro boy.
1.51766E+18,LauraDougan210,Sat Apr 23 00:41:32 +0000 2022,-98.5406515,29.417501,@MananaZoo Ha! This was way more entertaining!! The trial has been ü•±üò¥ü•±üò¥until he starts name dropping or this üòÇüòÇ
1.51766E+18,Maker_Bayfield_,Sat Apr 23 00:41:32 +0000 2022,-91.188056,29.7055865,I never killed a mountain lion but I‚Äôve choked a few cougars
1.51766E+18,paydrofell,Sat Apr 23 00:41:32 +0000 2022,-96.9827885,32.958255,Driving with a 77 inch long mirror hanging out the back. Im a cool ass adult.
1.51766E+18,nick_lindquist,Sat Apr 23 00:41:32 +0000 2022,-97.2859135,32.7799665,jennifer rubin doubling down on her cringe takes https://t.co/t3g5JG5SCU
1.51766E+18,sam222nasty,Sat Apr 23 00:41:33 +0000 2022,-118.063704,33.9289335,@thatonenegra tell her i need easter baskets for a lifetime so she isn‚Äôt allowed to leave us ü´£
1.51766E+18,deeight3,Sat Apr 23 00:41:33 +0000 2022,-104.949845,39.9054745,"-When @theestallion said ‚Äúmo' bounce to the ounce‚Äù, I felt that.. üçë‚ú®üé∂üíï"
1.51766E+18,klotzy17,Sat Apr 23 00:41:33 +0000 2022,-84.6060915,39.1833205,This was tough to listen to
1.51766E+18,JuniorDaKid,Sat Apr 23 00:41:33 +0000 2022,-84.433106,33.7671945,If it wasn‚Äôt for flopping Kyle Lowry wouldn‚Äôt have a career #TrueToAtlanta
1.51766E+18,amanjha__,Sat Apr 23 00:41:33 +0000 2022,-122.4359785,37.7706565,"@mattmireles @spakhm The bet they‚Äôre taking is that compute will get exponentially cheaper and more powerful, like‚Ä¶ https://t.co/7j6uoEVjbn"
1.51766E+18,cadymmoorefield,Sat Apr 23 00:41:34 +0000 2022,-95.770195,36.0393055,Come see me at Jameson‚Äôs tonight or ur moms a hoe
1.51766E+18,OscarLo12199677,Sat Apr 23 00:41:34 +0000 2022,-116.929102,32.3328765,Check out üá≤üáΩMr_Joker_Oficialüá≤üáΩ's video! #TikTok https://t.co/9iSH5qT9fP
1.51766E+18,steelercam,Sat Apr 23 00:41:34 +0000 2022,-77.153646,39.145374,‚öæÔ∏è‚öæÔ∏è my pirates scored first
1.51766E+18,holliday_isiah,Sat Apr 23 00:41:34 +0000 2022,-79.420865,38.0033755,Once again Gunther is the Winner. He‚Äôs a force to be reckon with @DMcIntyreWWE watch out!! There‚Äôs a ‚ÄúAustrian Psyc‚Ä¶ https://t.co/q0d6Nk4HUs
1.51766E+18,ZombieHooligan6,Sat Apr 23 00:41:34 +0000 2022,-75.770041,42.746617,@FabianAichner They being @WWE
1.51766E+18,hahnscratch,Sat Apr 23 00:41:34 +0000 2022,-121.8737305,37.331159,I understand folks like to look cute and like they‚Äôre ‚Äúprepared for the task at hand‚Äù. Stop. We need to start renor‚Ä¶ https://t.co/MYG978OrkA
1.51766E+18,cherylkanere,Sat Apr 23 00:41:34 +0000 2022,-80.2948925,26.1566185,@cutler5051 Charlie Crist has only raised $8.2M and Nikki Fried only $5M. Why haven't Dems donated to Crist or Nikki?
1.51766E+18,sweetestpiecass,Sat Apr 23 00:41:34 +0000 2022,-79.2725695,43.629311,ùêíùêäùêàùêç ùêìùêÄùêãùêä; ùêíùêäùêàùêç ùêÅùêÄùêëùêëùêàùêÑùêëùêíClick to Shop!‚¨áÔ∏èhttps://t.co/rClLhLBGkY#FridayVibes #skincare #beautiful #ShopMyCloset‚Ä¶ https://t.co/7DDovBlIqn
1.51766E+18,coll450,Sat Apr 23 00:41:35 +0000 2022,-77.354506,44.2397945,üòÜ she only needs to win 14 more episodes.. four more times
1.51766E+18,ThomasTrauscht7,Sat Apr 23 00:41:35 +0000 2022,-89.2665075,39.7393005,"We Can Run (2 cam) - Grateful Dead - 10-9-1989 Hampton, Va. (set1-05) https://t.co/UT1ldCoejQ via @YouTube         üî•ü•ëHymn Of The Dayüå≤üçÑ"
1.51766E+18,ArWheelz,Sat Apr 23 00:41:35 +0000 2022,-100.0768885,31.1688935,@ArmyIsBack2 Check out my recent tweets brotha
1.51766E+18,G1maloney,Sat Apr 23 00:41:35 +0000 2022,-74.946407,40.102243,Putin has just received a shocking news from the Russian Defense Ministr... https://t.co/ZPyFF8HypF via @YouTube
1.51766E+18,BTSGeneration1,Sat Apr 23 00:41:35 +0000 2022,-73.723025,45.5578305,"Oh really? He didn‚Äôt accept jobs? Well, the he is just scared to go back. Time to leave your fears behind."
1.51766E+18,alexavogue,Sat Apr 23 00:41:35 +0000 2022,-73.993982,40.753343,It‚Äôs charli baby https://t.co/djZC6mBoJL
1.51766E+18,KPerrigen,Sat Apr 23 00:41:35 +0000 2022,-118.4119065,34.0207895,@lladult That blonde has no gag reflex.
1.51766E+18,Retrogurl_Lisa,Sat Apr 23 00:41:36 +0000 2022,-79.087874,43.053899,@pinatagirl18 üíØüíØand he will def find her when the time is right üíü
1.51766E+18,SimplySP_,Sat Apr 23 00:41:36 +0000 2022,-76.620482,39.284713,@diababbyy üòÇüòÇüòÇüòÇüòÇ I be saying the same thing
1.51766E+18,Dave9737,Sat Apr 23 00:41:36 +0000 2022,-92.4367735,38.3045585,@mentalcasemama I would!!
1.51766E+18,rrubiotlol,Sat Apr 23 00:41:36 +0000 2022,-114.65756,32.698518,would rather not be back here.
1.51766E+18,maxomai,Sat Apr 23 00:41:36 +0000 2022,-122.630908,45.536402,Whoopsie!!
1.51766E+18,32AnthonyCorona,Sat Apr 23 00:41:36 +0000 2022,-87.590278,37.8411945,Fieldwork/ Hip mobility drills with @Anthony3354! 6‚Äô2 210lb SS/OLB@CoachPerrone @BenjaminRohaly @MJ_NFLDraft‚Ä¶ https://t.co/bIyBZIm5oY
1.51766E+18,shakalakabooms,Sat Apr 23 00:41:36 +0000 2022,-98.5406515,29.417501,@henryfangool WHAT THE FUCK ARE THOSES https://t.co/3PCts936RH
1.51766E+18,readsthepapers,Sat Apr 23 00:41:36 +0000 2022,-73.9685415,40.780709,@liamstack I was just thinking this! üöåüë©üèª‚Äçü¶∞
1.51766E+18,MikeSautter_,Sat Apr 23 00:41:37 +0000 2022,-82.0868235,35.048479,ETG 15U set to tip vs Southern United. https://t.co/m5rfzkTKso
1.51766E+18,1Key4L,Sat Apr 23 00:41:37 +0000 2022,-84.917307,32.4823035,In my house just counting Gualla talking to my scale
1.51766E+18,JDSportsbetting,Sat Apr 23 00:41:37 +0000 2022,-71.315972,41.487167,Going to get caught up with recapping past few days.   Been extremely busy this week so haven‚Äôt been on Twitter as‚Ä¶ https://t.co/WgJIMXausi
1.51766E+18,isaqboynine,Sat Apr 23 00:41:38 +0000 2022,-112.1246765,33.5528625,One of the greatest tweets I've read
1.51766E+18,DeniseEliCruz,Sat Apr 23 00:41:38 +0000 2022,-95.4464865,29.838495,@DreePeaHeaux God yesss!!I still listen to that album! Remember we went to her concert ??? Good memories
1.51766E+18,mtzok_,Sat Apr 23 00:41:38 +0000 2022,-95.4464865,29.838495,Everybody at the astros game‚Ä¶ should‚Äôve gone lmao
1.51766E+18,mikesong,Sat Apr 23 00:41:38 +0000 2022,-73.9685415,40.780709,Wowxers https://t.co/vZAAvBYEHu
1.51766E+18,YxvngJvxlx,Sat Apr 23 00:41:38 +0000 2022,-80.368565,25.74694,@alienooooo Wish someone would‚Äôve told me
1.51766E+18,72_leeann,Sat Apr 23 00:41:38 +0000 2022,-86.6807375,32.576227,@jaistiel @mishacollins Awesome ü§©
1.51766E+18,ncrkrjack_nancy,Sat Apr 23 00:41:38 +0000 2022,-83.1738665,32.6782075,@hoopfeed Congrats former USCWBB players #AlainaCoates #TiffanyMitchell and now #D3H making the final roster for In‚Ä¶ https://t.co/bSFzWL7DXg
1.51766E+18,DJCheetahlish,Sat Apr 23 00:41:38 +0000 2022,-98.69004,29.57729,Just posted a photo @ Cheetahlish https://t.co/YbJIt4iQKl
1.51766E+18,sean_welby,Sat Apr 23 00:41:39 +0000 2022,-77.604684,41.1179365,@JimLaPorta At least you‚Äôre not continuing your murder spree.  @iAmTheWarax
1.51766E+18,jaylew78,Sat Apr 23 00:41:39 +0000 2022,-85.6451115,38.124299,They gave the cop the mic at  the Gospel Concert all I could think about LMPD is not the solution even In church I said what I said F12
1.51766E+18,kymsopretty,Sat Apr 23 00:41:39 +0000 2022,-78.748399,42.9072065,"My first day back at my PT job has been smooth, thank God!!!"
1.51766E+18,rexcastillotv,Sat Apr 23 00:41:39 +0000 2022,-84.917307,32.4823035,Ball game @CSUCougarsBSB go down in order. Georgia College wins the series opener 8-5 @WRBLSports
1.51766E+18,alloo_66,Sat Apr 23 00:41:40 +0000 2022,-106.026119,34.166235,@MarissaArmas Happy birthday! Nice to turn 21!
1.51766E+18,bardot_Barbie,Sat Apr 23 00:41:40 +0000 2022,-73.8311875,40.6708795,( Whispers === Won't b used 4 sexxxxxxüî•üî•üî•üî•üî•üî•üî•
1.51766E+18,brannonmc,Sat Apr 23 00:41:40 +0000 2022,-82.3314755,34.9389675,@Dave_Pittman Could you explain what you mean
1.51766E+18,readwritemike,Sat Apr 23 00:41:40 +0000 2022,-73.9487755,40.655138,"@HildaZanaliu We‚Äôre using three words per story for young children, not just one‚Äîbut thank you!"
1.51766E+18,MSweetwood,Sat Apr 23 00:41:40 +0000 2022,-80.134986,26.3739755,@TomFitton @Cernovich Just when you think thinks are at max lunacy. We are living a clown ü§° ü§° world. There is somet‚Ä¶ https://t.co/DZzeAW5W1U
1.51766E+18,RobAntus,Sat Apr 23 00:41:40 +0000 2022,-118.4119065,34.0207895,#SeeRed LETS GO BULLS!!! GAME 3. CHICAGO PROUD #SeeRed https://t.co/9Wfvd9chRC
1.51766E+18,Vitaispirata,Sat Apr 23 00:41:40 +0000 2022,-80.84592,35.239651,@TwoFeetMusic Zach‚Ä¶ where‚Äôs all the merch?! üò≠ https://t.co/X4ynifK6ft
1.51766E+18,Zips26,Sat Apr 23 00:41:40 +0000 2022,-81.8077615,26.3613605,What‚Äôs left?
1.51766E+18,lawson_jordy,Sat Apr 23 00:41:40 +0000 2022,-86.504284,39.763665,@Ironhorse76 I thought I was the only one‚Ä¶
1.51766E+18,Melemelenani,Sat Apr 23 00:41:41 +0000 2022,-158.0694295,21.344561,@SpaceXStarlink I Have a Question for Mr Elon Musk.  Does Your internet service Can catch signal From Mars if I Twe‚Ä¶ https://t.co/6OPFYOTMj2
1.51766E+18,KyleSchroederWI,Sat Apr 23 00:41:41 +0000 2022,-88.584691,43.98083,No better place to be than in Oshkosh on a Friday night! Packed room for Winnebago County‚Äôs Lincoln Day Dinner.Th‚Ä¶ https://t.co/6sIRRDVRd0
1.51766E+18,WETHEKINDOMQ,Sat Apr 23 00:41:41 +0000 2022,-79.861034,35.1704985,"@RealQuantumJr WHAT CAN I SAY, ALWAYS BEEN A SUCKER FOR THOSE NEW ENGLAND üá¨üáß GUYS üòéüçÄüòò THE IRISH ESPECIALLY üòâ üòÄ IT T‚Ä¶ https://t.co/nVvpmaTxf1"
1.51766E+18,NYCFranchise718,Sat Apr 23 00:41:41 +0000 2022,-73.9275855,41.514775,@babyhebner We READY!!! https://t.co/VAMwdBW0I3
1.51766E+18,quitnomore01,Sat Apr 23 00:41:41 +0000 2022,-110.00325,40.2941725,@MAGAchick47 Of course üòâ
1.51766E+18,_Crunchfucious,Sat Apr 23 00:41:41 +0000 2022,-118.2140445,33.9789255,They calling the tow truck on me outside the barber shop just told my guy to hurry the fuck up with the fade before they tow me üòÑ
1.51766E+18,HockinAdriano,Sat Apr 23 00:41:41 +0000 2022,-82.914576,42.584895,Okay but Daya Betty low key killed it  #DragRace https://t.co/uFubzKkH9d
1.51766E+18,Plaggyinho,Sat Apr 23 00:41:42 +0000 2022,-80.4293185,25.520408,I have a grandbrother too lmfaoooo
1.51766E+18,Randy_Bateman,Sat Apr 23 00:41:42 +0000 2022,-122.455344,47.2429605,@tap_tap_tap1 Thank you and you‚Äôre not dumb ü§ìMaybe high‚Ä¶‚Ä¶ but not dumb!
1.51766E+18,YourTurnAliyah,Sat Apr 23 00:41:42 +0000 2022,-71.0887125,42.3136695,New game 19: Chroma CubePlayers: 1 (my first solo game in a while!)Won!It's a logic puzzle with 25 different sce‚Ä¶ https://t.co/O7eZ5hJzaq
1.51766E+18,ChayilHaEl,Sat Apr 23 00:41:42 +0000 2022,-117.104989,32.810012,Or planned on fixing your face and. Well. Nah. https://t.co/TT9R6Hhv82
1.51766E+18,MellowMikeT,Sat Apr 23 00:41:42 +0000 2022,-90.4419605,38.668105,@al_25_ This track is amazing
1.51766E+18,grimm1216,Sat Apr 23 00:41:42 +0000 2022,-80.263517,26.1245075,@kel2times He just said ‚Äúhe‚Äôs outta control‚Äù again.
1.51766E+18,ImpatienTourist,Sat Apr 23 00:41:43 +0000 2022,-79.2725695,43.629311,sad to see middleto on bench
1.51766E+18,SaraMichalowicz,Sat Apr 23 00:41:43 +0000 2022,-88.4191655,41.638108,Madrigal looks so weird in a Cubs uniform üò©
1.51766E+18,dbm422,Sat Apr 23 00:41:43 +0000 2022,-122.5899815,47.5344225,@ColbertSteven2 Stop trying to get free shit. This ain't no Houston hoe shit. Buy you a shirt
1.51766E+18,dontfukwitmeh,Sat Apr 23 00:41:44 +0000 2022,-123.191617,45.212448,@crusader4zion @SteveCarter1 @ACTBrigitte https://t.co/PoNpPUWtK6Now you look even MORE foolish. Who knew it was p‚Ä¶ https://t.co/Hq39MrwiKU
1.51766E+18,AsherHBaron,Sat Apr 23 00:41:44 +0000 2022,-73.9685415,40.780709,I do ONE Live Stream w/ a CG Hoodie on and the money starts POURING in. Ya love to see it.Common Ground. Tonight.‚Ä¶ https://t.co/pJ4bV67Oxn
1.51766E+18,PoundTown10,Sat Apr 23 00:41:44 +0000 2022,-83.804475,27.698682,@CBSSports Larry Bird
1.51766E+18,DrGenevaHarris,Sat Apr 23 00:41:44 +0000 2022,-75.117998,40.0048655,@roomof13doors Thanks for the follow! DrG
1.51766E+18,TrevWay112,Sat Apr 23 00:41:45 +0000 2022,-83.804475,27.698682,This please
1.51766E+18,Mazzerati3,Sat Apr 23 00:41:45 +0000 2022,-115.2344355,36.0188045,Get your cards now!
1.51766E+18,roggertroncozo,Sat Apr 23 00:41:45 +0000 2022,-96.439486,32.7372485,A real Goddess!‚ù§Ô∏è @britneyspears
1.51766E+18,bdj79,Sat Apr 23 00:41:45 +0000 2022,-91.6828545,41.976528,@thesarahkelly Drinking and watching my kids play Lego Star Wars
1.51766E+18,Stacy_B,Sat Apr 23 00:41:45 +0000 2022,-84.340338,34.0412115,"@AshBeStumblin @qfxevents Love you, ashy-leg! üíñ hope you heal fast!"
1.51766E+18,nazzobetweeting,Sat Apr 23 00:41:46 +0000 2022,-73.9685415,40.780709,i showed this to my friends and one of them‚Äôs first response was ‚Äúdo babies get hungover?‚Äù
1.51766E+18,CindyFVK,Sat Apr 23 00:41:46 +0000 2022,-86.441236,39.7665555,@ShaadMcGinnis @thepatrickirish @JJ__indy @theclassycraig @Eneekonese @PennandPops YES!! ok . I will üòÜüòÇüòÇüòÇ
1.51766E+18,egoldstein93,Sat Apr 23 00:41:46 +0000 2022,-71.0887125,42.3136695,@bradharmon_ her openings are unmatched (and then all the rest)
1.51766E+18,JonJonDaPhenom,Sat Apr 23 00:41:47 +0000 2022,-76.57261626,39.29489789,"Just posted a photo @ Downtown Baltimore, MD 21202 https://t.co/Ptu3k0qjmB"
1.51767E+18,DavidLiberty311,Sat Apr 23 00:41:47 +0000 2022,-83.3733495,42.3973155,@TinamarieLobue @hiral4congress I think maskholes should be mocked and ridiculed.
1.51766E+18,NWSAlbuquerque,Sat Apr 23 00:41:47 +0000 2022,-106.6426671,36.4287829,"A dust storm warning is in effect until 8:45 PM MDT for US-64 near Arroyo Hondo, NM; US-64 near Arroyo Seco, NM; US‚Ä¶ https://t.co/IQdZKM1Oi6"
1.51767E+18,TrippyMata,Sat Apr 23 00:41:47 +0000 2022,-100.0768885,31.1688935,I be distracted every time I take the toll road üòÇ
1.51767E+18,RastaHennessy24,Sat Apr 23 00:41:48 +0000 2022,-118.4119065,34.0207895,@ericpaulj To be determined! üôèüèæ
1.51767E+18,jadacaakez,Sat Apr 23 00:41:48 +0000 2022,-122.2302225,38.114777,I love her so much
1.51767E+18,mspowers,Sat Apr 23 00:41:48 +0000 2022,-79.008801,43.101794,@_plainKate_ Must see tv back in the day
1.51767E+18,makayla2watkins,Sat Apr 23 00:41:48 +0000 2022,-95.9559565,36.742547,@j_marshall34 You‚Äôre
1.51767E+18,THENATUREBOY1,Sat Apr 23 00:41:48 +0000 2022,-100.0768885,31.1688935,@NYPost_Mets Might be only game Arizona would be favorite to win all year
1.51767E+18,mhmdenver,Sat Apr 23 00:41:48 +0000 2022,-104.8223,39.7071,What‚Äôs your favorite #song off of #Aurora #rapper @hunidrack6 #new ‚ÄúBag Fase 3‚Äù #album ??? #milehighminute @ Auro‚Ä¶ https://t.co/btIhuJMf1Z
1.51767E+18,Joanne48825002,Sat Apr 23 00:41:48 +0000 2022,-110.878602,32.1303245,@McSpent @w_white18 I was out all day today and missed both lives!‚òπÔ∏èüò£
1.51767E+18,Bobhall66067856,Sat Apr 23 00:41:48 +0000 2022,-119.3066075,37.2691755,nice load buddy.
1.51767E+18,HARLEYBARLEY3,Sat Apr 23 00:41:48 +0000 2022,-85.9785995,35.8305215,"Hey I'm Harley ,who's a secretary? D&amp;d master dm direct message me? Can you play lead the way? Just kidding first‚Ä¶ https://t.co/WBqa1ofGmR"
1.51767E+18,Moorelife1,Sat Apr 23 00:41:48 +0000 2022,-83.804475,27.698682,@D1Twelve2 He slid that shit fr
1.51767E+18,msriversroom106,Sat Apr 23 00:41:49 +0000 2022,-77.0908695,38.81738,Congratulations to the Bel Air staff and parents that are nominated!!!  I am so lucky to work with all of you!!!‚Ä¶ https://t.co/tTXqHcVbhs
1.51767E+18,jdo8302,Sat Apr 23 00:41:49 +0000 2022,-118.4119065,34.0207895,@RepKatiePorter @BolsaChica_LT Go vegan üå± please #veganuary
1.51767E+18,MarcEatsPeach,Sat Apr 23 00:41:49 +0000 2022,-80.404734,27.6309955,@JDCocchiarella Who says it best? You or George Takei?
1.51767E+18,ProfLib,Sat Apr 23 00:41:49 +0000 2022,-78.740213,42.9606155,@HalMaasNews I know you educated me about this but this is what I think of when I think of TikTok-‚Ä¶ https://t.co/BQP3i3WAuh
1.51767E+18,Da_Don_Dada1,Sat Apr 23 00:41:50 +0000 2022,-82.432361,28.0768615,I strongly dislike when y‚Äôall BOYS were y‚Äôall pants below your ass‚Ä¶. Don‚Äôt nobody want to see them trifling looking‚Ä¶ https://t.co/YgUtbdaDEq
1.51767E+18,FloydSoRandom,Sat Apr 23 00:41:50 +0000 2022,-80.8467855,35.209059,@dtewill This shit pitiful lmao
1.51767E+18,WRCAthletics,Sat Apr 23 00:41:50 +0000 2022,-122.3256934,49.06152266,More pics from a great day. #wrca #trackandfield #bccssaa üì∏ : @mimigingerbread @ Rotary Stadium https://t.co/yLeGhZa41A
1.51767E+18,FastLane__Ls,Sat Apr 23 00:41:50 +0000 2022,-95.4464865,29.838495,The Summer is yours but the world is mine.
1.51767E+18,wheresmycoffeee,Sat Apr 23 00:41:50 +0000 2022,-80.307064,25.976124,"@sdmissthefleet When someone tells me they like all kinds of music, I always start by asking who their favorite jaz‚Ä¶ https://t.co/iBbuZDLAfX"
1.51767E+18,goopeerr2,Sat Apr 23 00:41:50 +0000 2022,-93.1056485,44.9415155,"wow this blew up, check out my podcast"
1.51767E+18,BenjiOxman,Sat Apr 23 00:41:50 +0000 2022,-83.1738665,32.6782075,"Tennessee Bobcats‚Äô guard trio of 2024 Shajai Jackson (@ShajaiJ), 2023 Nicholas Johnson &amp; 2023 Jonavan Gillespie (‚Ä¶ https://t.co/m46EB3gUy7"
1.51767E+18,sjmelniszyn,Sat Apr 23 00:41:51 +0000 2022,-83.804475,27.698682,@jaysonyork I‚Äôm slow. Don‚Äôt mind me.
1.51767E+18,connorthemiller,Sat Apr 23 00:41:51 +0000 2022,-122.3306025,47.614817,"i do not like that my iphone tells my contacts that i have ‚Äúdo not disturb‚Äù on, and i like it even less that my con‚Ä¶ https://t.co/ck4BshVhBr"
1.51767E+18,dannydaj55,Sat Apr 23 00:41:51 +0000 2022,-76.255686,36.895082,"I‚Äôm at a point where if my phone dies , I wouldn‚Äôt even trip lol"
1.51767E+18,TheGeoffey,Sat Apr 23 00:41:51 +0000 2022,-96.7617535,32.8198585,"@HolaHowdyHello @EmilioEmm @Wendys Chocolate, please"
1.51767E+18,frankismartinez,Sat Apr 23 00:41:51 +0000 2022,-122.243333,47.492707,"@wonderwomancode @jamesrichardfry plus, exceptional thrift shopping"
1.51767E+18,DocRobandino820,Sat Apr 23 00:41:51 +0000 2022,-80.3533325,25.772288,Someone HATES Duncan Robinson and the mics have been picking it up.
1.51767E+18,_MrGodinez_,Sat Apr 23 00:41:51 +0000 2022,-84.1920685,34.038017,@ZeiglerKatie @LeadGladiator @koperniak THANK YOU SO SO MUCH!!
1.51767E+18,_theamazingjace,Sat Apr 23 00:41:51 +0000 2022,-79.3287885,42.4359665,LET‚ÄôS GO LADY CAMDEN WOOOOO #DragRaceFinale
1.51767E+18,CFoster79,Sat Apr 23 00:41:51 +0000 2022,-117.320879,33.226316,The people have spoken @notromanjr
1.51767E+18,misfiredx,Sat Apr 23 00:41:52 +0000 2022,-74.01145,40.222272,wow i‚Äôm hype https://t.co/Xr8kim5oIp
1.51767E+18,ezmoiii,Sat Apr 23 00:41:52 +0000 2022,-97.455741,35.695222,@KingJames W then
1.51767E+18,BunnyPicks,Sat Apr 23 00:41:52 +0000 2022,-73.8494415,40.8503475,$BRBL is officially my #1 STOCK short/mid/long!!!This is bigger than I originally thought. Running some numbers n‚Ä¶ https://t.co/8fZv0OAkHq
1.51767E+18,marathecannibal,Sat Apr 23 00:41:52 +0000 2022,-77.4931705,37.529883,@ivesrutherfuck üíçüòåü•∞ I just love u
1.51767E+18,AugusBanned,Sat Apr 23 00:41:52 +0000 2022,-71.0887125,42.3136695,If you are This so called ‚ÄúNative‚Äù then don‚Äôt claim those of us whose lineage is of Chattel slave descendants
1.51767E+18,stefancaunter,Sat Apr 23 00:41:52 +0000 2022,-79.9135205,43.2606955,@gillies_robert @YouTube danny gallivan i hope
1.51767E+18,SynfulAnarchy_,Sat Apr 23 00:41:52 +0000 2022,-112.283112,33.615955,@SynfulAsh I better be in this bitch
1.51767E+18,bolding_daniel,Sat Apr 23 00:41:52 +0000 2022,-80.926628,33.6311395,@EdwardMurrayIII The real question is how long it will be conducive to civilization. Humans may survive but be redu‚Ä¶ https://t.co/35IgnpBdgT
1.51767E+18,Koko_zero4,Sat Apr 23 00:41:53 +0000 2022,-80.2333285,25.7823535,"@Naija_PR Me I never be in a relationship and it‚Äôs not still in my dictionary, make I just see babe a little far fr‚Ä¶ https://t.co/XR1ixqVfXn"
1.51767E+18,cosper_jr,Sat Apr 23 00:41:53 +0000 2022,-122.6333695,38.244454,"@Jassim_alwaraqi Physical love takes exploration‚Ä¶experimentation, a willingness to embrace the erotic truths of our‚Ä¶ https://t.co/NB3Ot7rncX"
1.51767E+18,Sir_JeanAmedee,Sat Apr 23 00:41:55 +0000 2022,-73.8494415,40.8503475,üò≠üò≠üò≠ yall be mean as hell on Twitter. Smh.
1.51767E+18,N_Moses_,Sat Apr 23 00:41:55 +0000 2022,-98.1232495,29.705614,@SammyMijo @joecam71 @TheMarcitect see you get it - the biggest fear monger accounts have been circulating this sto‚Ä¶ https://t.co/HzJg1vMlSX
1.51767E+18,NWSSevereTstorm,Sat Apr 23 00:41:55 +0000 2022,-101.6378293,34.96434302,"Severe Thunderstorm Warning continues for Claude TX, Palisades TX, Cleta TX until 8:15 PM CDT. This storm will cont‚Ä¶ https://t.co/uihEtAlFeV"
1.51767E+18,CThisJustIn,Sat Apr 23 00:41:56 +0000 2022,-72.108118,41.345003,Watching you fight against the status quo. It's a dangerous time and your voice is needed. Thank you.
1.51767E+18,dilfmage,Sat Apr 23 00:41:56 +0000 2022,-118.4119065,34.0207895,@mckaysversion I got a few! https://t.co/KotkI3B4Fn
1.51767E+18,GBraggsJr23,Sat Apr 23 00:41:55 +0000 2022,-87.655641,41.881695,LET'S GOOOOOOO!!!! üî• üî• üî• #SeeRed https://t.co/5dFFM3Beg1
1.51767E+18,mtzok_,Sat Apr 23 00:41:56 +0000 2022,-95.4464865,29.838495,At least I‚Äôm done working out for the week ü§ì
1.51767E+18,KierraCotton,Sat Apr 23 00:41:56 +0000 2022,-81.4909135,41.5197375,At my birthday dinner and my mom and boyfriend are debating relationships‚Ä¶lord help me
1.51767E+18,TammyeMathews,Sat Apr 23 00:41:56 +0000 2022,-84.44249,33.65826,@dustin_itrain @ Cycle Gang https://t.co/dp9R8lTnXC
1.51767E+18,GulfCoastDawg21,Sat Apr 23 00:41:56 +0000 2022,-88.1615555,30.683649,This damn Ump will not give us the same strikes!!!
1.51767E+18,JNigelRuhl,Sat Apr 23 00:41:56 +0000 2022,-77.604684,41.1179365,Willem Dafoe appreciation tweet. Enhancing every film he's in with his unhinged lunatic characters for several deca‚Ä¶ https://t.co/7fiyubfsww
1.51767E+18,TawnyaMarie6,Sat Apr 23 00:41:56 +0000 2022,-85.041918,35.9539615,@Ladybug9325 @ycatsttocs2 @ELTBUG66 @AntProverbs @PeggyDodson @SaysLion @elonmusk @SantaSurfing Some of my photos I‚Ä¶ https://t.co/WET7G6Emu4
1.51767E+18,DJROGERHaiti,Sat Apr 23 00:41:56 +0000 2022,-74.00589108,40.71270142,"Just posted a photo @ New York City, N.Y. https://t.co/eO79uyVIR1"
1.51767E+18,elmtree916,Sat Apr 23 00:41:56 +0000 2022,-87.732013,41.8335845,@ilikefugazi I prefer club level bc I have a big ass. ü§£
1.51767E+18,Jabarre7,Sat Apr 23 00:41:57 +0000 2022,-95.913642,36.1093915,#1 #Go DAWGS #Notforeverone
1.51767E+18,joseimorales11,Sat Apr 23 00:41:57 +0000 2022,-87.732013,41.8335845,Shanky got that swagger
1.51767E+18,OhKAY_iCU,Sat Apr 23 00:41:57 +0000 2022,-95.584618,29.8935655,I need to schedule my eye appointment. These headaches are becoming unbearable
1.51767E+18,JeffPorterWX,Sat Apr 23 00:41:57 +0000 2022,-85.5656885,42.290524,@skinneyjoe So fancy!
1.51767E+18,owen_hartline,Sat Apr 23 00:41:57 +0000 2022,-71.0887125,42.3136695,@jxshbxmb666 Danny Carey‚Äôs signature were my favorite in the drum days
1.51767E+18,AlyssaNikole7,Sat Apr 23 00:41:57 +0000 2022,-97.432425,27.737151,"Been feeling my lowest all day, turned my phone off &amp; the only person who showed up to my front door was my bestfri‚Ä¶ https://t.co/scwmdPr8tq"
1.51767E+18,heidi_seidr,Sat Apr 23 00:41:58 +0000 2022,-92.131274,34.7519365,"@Leslie64993617 And it would hurt immensely. I've taken years to get this equipment. It isn't a lot of equipment, but I cherish it."
1.51767E+18,Claybrookszn,Sat Apr 23 00:41:58 +0000 2022,-73.9487755,40.655138,At no point in Tyler Hero‚Äôs time at Kentucky did I think he would be an above average NBA player.
1.51767E+18,DarthDoughboy,Sat Apr 23 00:41:58 +0000 2022,-74.7243235,40.0730405,@LLindsssxoxo Hope you can join us for another one!
1.51767E+18,cforse1500,Sat Apr 23 00:41:58 +0000 2022,-100.0768885,31.1688935,Me and my beastie https://t.co/2FT1VZN9FR
1.51767E+18,zaraeleus,Sat Apr 23 00:41:58 +0000 2022,-82.2183945,27.93168,@NuubIRL @DANFlNlTY Ty! Now to cancel Dan
1.51767E+18,NYbobie,Sat Apr 23 00:41:58 +0000 2022,-78.688827,33.824514,"Well,Well now watch the Democraps who always preach pay your fair share üôÑ Find fault and spin this into something l‚Ä¶ https://t.co/9Lbyg7w6PA"
1.51767E+18,deeayejayy,Sat Apr 23 00:41:58 +0000 2022,-76.362276,37.0508965,i just feel like i can‚Äôt go viral if my page is private
1.51767E+18,NWSAmarillo,Sat Apr 23 00:41:58 +0000 2022,-101.6378293,34.96434302,"Severe Thunderstorm Warning continues for Claude TX, Palisades TX, Cleta TX until 8:15 PM CDT. This storm will cont‚Ä¶ https://t.co/3PT2ml7luZ"
1.51767E+18,4xForecaster,Sat Apr 23 00:41:58 +0000 2022,-105.5508905,38.997936,"$RNGTF: Osisko Dev Corp. ($USD, OTC)- ST: Despite wide interim vacillations, Model remained bearish; now sees dece‚Ä¶ https://t.co/i9psGgLovh"
1.51767E+18,A_Nicholson22,Sat Apr 23 00:41:58 +0000 2022,-112.1246765,33.5528625,As ESPN‚Äôs Mark Jones would say: ‚ÄúKyle Wright is hotter than fish grease!‚Äùüî•üî•üî•
1.51767E+18,AvsAddict,Sat Apr 23 00:41:59 +0000 2022,-104.8695335,39.8533665,#AvsTwitterPsychic ok. Please give me toews https://t.co/PgUQ06ZalN
1.51767E+18,meatsical,Sat Apr 23 00:41:59 +0000 2022,-121.469664,38.561722,Too niche? Fine.
1.51767E+18,Marshal16597747,Sat Apr 23 00:41:59 +0000 2022,-92.4367735,38.3045585,@lonquest @DaunyaK @theprofessr18 @RBMEllis @PaulCogan You are full of knowledge and facts.but you know my point .‚Ä¶ https://t.co/T7XwlgbKLE
1.51767E+18,_manonmichelle,Sat Apr 23 00:41:59 +0000 2022,-75.117998,40.0048655,Damn these last two days were the best I‚Äôve had in awhile
1.51767E+18,TeamKalitta,Sat Apr 23 00:41:59 +0000 2022,-94.9766015,29.767947,#SpringNats Qualifying Session 1:@Air_Doug runs 3.740 at 326.08mph @Mobil1 | @ToyotaRacing
1.51767E+18,WatchTheBreaks,Sat Apr 23 00:41:59 +0000 2022,-118.399639,34.0824965,@oliverzack2 @DaktmacfanCards Only if it was a year before.  Same year they do
1.51767E+18,reggert1980,Sat Apr 23 00:41:59 +0000 2022,-76.620482,39.284713,"@dionnewarwick No jacket, but.... https://t.co/sB3KUobGhE"
1.51767E+18,Souper_Saucer,Sat Apr 23 00:41:59 +0000 2022,-119.3066075,37.2691755,respectfully back in cali
1.51767E+18,harryslack,Sat Apr 23 00:41:59 +0000 2022,-117.104989,32.810012,There be some. @ChippysWorld up in this space! Wonder how many have a @cryptorayrays as a Fren? https://t.co/hvPv5mmCSH
1.51767E+18,CoachPfeilFC,Sat Apr 23 00:41:59 +0000 2022,-85.5326538,42.1191483,Drinking a Go Bananas by @distantwhistle at @distantwhistle ‚Äî https://t.co/OO1rgsAEyI
1.51767E+18,tatewbrown,Sat Apr 23 00:41:59 +0000 2022,-73.8311875,40.6708795,@DamnedYankeeTN @JeremyTate41 It‚Äôs a survey from a Time articlehttps://t.co/pYuaVKOzZD
1.51767E+18,DenhamMelissa,Sat Apr 23 00:42:00 +0000 2022,-84.5192448,39.10940585,"Pepp and Dolores, Sugar and Classical Roots @ Cincinnati Music Hall https://t.co/MSX3pdC4SM"
1.51767E+18,tpnofaith,Sat Apr 23 00:42:00 +0000 2022,-79.8942065,37.2747375,If she can‚Äôt shake her ass to shake it by Kay flocka I don‚Äôt want itü§∑üèª‚Äç‚ôÇÔ∏è
1.51767E+18,CoverCitySports,Sat Apr 23 00:42:00 +0000 2022,-78.688827,33.824514,@ladodgers_37 @TusiimeRush7 Done ‚úÖ follow back
1.51767E+18,coquepoke,Sat Apr 23 00:42:00 +0000 2022,-98.3176825,26.208802,@thebrettmannest Bosco said https://t.co/dX9uNMrdv8
1.51767E+18,NigerianSun,Sat Apr 23 00:42:00 +0000 2022,-83.7299715,42.2708395,"This is cuffed, listening man energy. NOT fuckboy energy üòÇ"
1.51767E+18,Coyote_Careers,Sat Apr 23 00:42:00 +0000 2022,-87.6297982,41.8781136,This job might be a great fit for you: Receptionist - https://t.co/OJM8Yeeyqn #jointhepack #HR
1.51767E+18,morfyeroc,Sat Apr 23 00:42:00 +0000 2022,-94.656395,39.0227127,Tart and flavorful. Light bodied. Lasting taste. - Drinking a Raspberry Blitz by @KCRockcreekBeer at‚Ä¶ https://t.co/Htnd519Lqe
1.51767E+18,joshuavmc,Sat Apr 23 00:42:01 +0000 2022,-77.0143985,38.898603,I have so many stories to tell
1.51767E+18,cjgkun,Sat Apr 23 00:42:01 +0000 2022,-75.0751495,38.695343,Drinking a Cheeky Pint English Pale Ale by @GarysDBG at @garysdbg ‚Äî https://t.co/4ndHGrTm9a
1.51767E+18,Attackonalex_,Sat Apr 23 00:42:01 +0000 2022,-122.2329345,37.4972935,Deebo for Toney and a 2nd round pick.? #49ers
1.51767E+18,NC_sweetz,Sat Apr 23 00:42:01 +0000 2022,-92.342322,34.721886,"Social media just getting boring to me I feel to cool for it. Not twitter though but FB, IG, snap ü•±"
1.51767E+18,corcelettes,Sat Apr 23 00:42:02 +0000 2022,-119.7943854,49.21305575,Just posted a photo @ Corcelettes Estate Winery https://t.co/Lq0hZHasv8
1.51767E+18,LoGo_34,Sat Apr 23 00:42:01 +0000 2022,-84.581599,39.2458695,FIFA link üòéüëÄhttps://t.co/ZcetuJ0wSB https://t.co/JtvGumBRvn
1.51767E+18,jordanmackinnon,Sat Apr 23 00:42:02 +0000 2022,-81.559452,44.5337495,@jgreenlee_mtg @Wilnerness The roof is open.
1.51767E+18,ThePriskorn,Sat Apr 23 00:42:02 +0000 2022,-83.0105972,42.3488998,"Malty &amp; salty, some orange notes, some candi sugar sweetness. - Drinking a Whispering Gallery by Brewery Faisan @ B‚Ä¶ https://t.co/3ca0gj6xmI"
1.51767E+18,cloebear339,Sat Apr 23 00:42:02 +0000 2022,-78.853563,42.8962295,Keep the faith alive and always  #billieve !It's finally our time and I can't wait..The love #BillsMafia has for‚Ä¶ https://t.co/KWzBd8s3Zo
1.51767E+18,jessmullins79,Sat Apr 23 00:42:02 +0000 2022,-86.9728775,34.5645256,Drinking a Strawberry Lager by @TheAbitaBeer @ Alfonso's Pizza and Italian Restaurant ‚Äî https://t.co/1KGP5OpPfK
1.51767E+18,ExtraChrisP_,Sat Apr 23 00:42:02 +0000 2022,-80.616047,35.5523115,@PitchingNinja Cy Young
1.51767E+18,knighki54,Sat Apr 23 00:42:02 +0000 2022,-77.229267,38.697014,@JanisNewman19 It‚Äôs BS. She is going to slime her way out somehow. I will b surprised if she is reprimanded and tak‚Ä¶ https://t.co/0y4xBqz0nd
1.51767E+18,tulycd,Sat Apr 23 00:42:02 +0000 2022,-80.1226195,26.721896,@LuckyTheDonkey_ @WESH I see why we weren‚Äôt understanding each other. There are 2 sets of taxes paid right now: (1)‚Ä¶ https://t.co/nc1eZ9FePx
1.51767E+18,ash_caruso,Sat Apr 23 00:42:03 +0000 2022,-118.4119065,34.0207895,I love packing for Miami because my suitcase is like 6 lbs
1.51767E+18,ella_younggg,Sat Apr 23 00:42:03 +0000 2022,-86.441236,39.7665555,Just played with some of the best girls ever! Thank you so much @PrepDig for an amazing showcase at the fairgrounds‚Ä¶ https://t.co/gHh9oJtOQA
1.51767E+18,NWSSevereTstorm,Sat Apr 23 00:42:03 +0000 2022,-101.1799978,38.4066658,"Severe Thunderstorm Warning including Wichita County, KS until 8:15 PM CDT. This storm will contain wind gusts to 7‚Ä¶ https://t.co/tSQkw4JBkY"
1.51767E+18,niketacalame,Sat Apr 23 00:42:03 +0000 2022,-118.5094471,34.052841,#fbf to Zara with mommy on set for a Lion King project. #workingmama #babiesonset #bringbabytowork #cutebabies‚Ä¶ https://t.co/sPl5gBV9Td
1.51767E+18,Richardtoolbox,Sat Apr 23 00:42:03 +0000 2022,-77.604684,41.1179365,@imxxxdark Yea and about to be x2 üòç
1.51767E+18,coachr1ch,Sat Apr 23 00:42:03 +0000 2022,-84.314792,33.706392,LMFAOOOOO
1.51767E+18,hnavasenohP,Sat Apr 23 00:42:03 +0000 2022,-82.985772,39.9946835,Slowly watching from a distance
1.51767E+18,bblizak,Sat Apr 23 00:42:03 +0000 2022,-75.8001415,45.248791,That dude who played the Riddler in Batman was too good in that role. I don't think he was acting.
1.51767E+18,ElevatingDaily,Sat Apr 23 00:42:03 +0000 2022,-96.664805,32.902138,Sometimes #selfcare looks like #pie at the end of a long day/week from your #favorite place! #BestPie My fave is th‚Ä¶ https://t.co/UlgUqCV5Xa
1.51767E+18,susanpress71,Sat Apr 23 00:42:03 +0000 2022,-81.67343,41.3104335,Win an Amazon Gift Card ($500 Value)! https://t.co/y4OfzKR4uU
1.51767E+18,gpejlc123,Sat Apr 23 00:42:04 +0000 2022,-95.4464865,29.838495,Throw Green out of office
1.51767E+18,bob_margolis,Sat Apr 23 00:42:04 +0000 2022,-72.82491,41.80815,Warm enough! A little relaxation before bed. @boresight_solutions @holosunoptics @anso_of_denmark #bourbon‚Ä¶ https://t.co/lJ9Q6qcwnm
1.51767E+18,Dontgetgrabbed1,Sat Apr 23 00:42:04 +0000 2022,-80.865446,33.487308,"@snifflesnack @Mike71442212 Get it get it get it get it Kevin we doing this, you keep on counting those days &amp; I'll keep on cheering Yay!"
1.51767E+18,jdwolfman11681,Sat Apr 23 00:42:04 +0000 2022,-74.75162,45.0381165,"You know, maybe in Texas if they didn't have letters on the foul ball pole, we would actually see if Chapman did in‚Ä¶ https://t.co/GjBLMR3xVS"
1.51767E+18,jeffhinkle25,Sat Apr 23 00:42:04 +0000 2022,-87.590278,37.8411945,I have my hummingbird feeder setup.  3 https://t.co/V5eNawK420
1.51767E+18,winstonguyjr,Sat Apr 23 00:42:04 +0000 2022,-83.804475,27.698682,Bday vibes April 23 coming soon‚Ä¶.. #TaurusSeason https://t.co/1gLaoJe8Lo
1.51767E+18,PedsMamaDoc,Sat Apr 23 00:42:04 +0000 2022,-93.2620465,44.9706105,@DrToddWo YES.YES.YES‚ÄºÔ∏èI‚Äôve been called/told I‚Äôm too:BubblyLoudNiceSmileyHyperTalk too fastTalk too muchFu‚Ä¶ https://t.co/FajO3UuXpJ
1.51767E+18,Blade_theDJ,Sat Apr 23 00:42:05 +0000 2022,-83.804475,27.698682,Accurate. #FoxNews
1.51767E+18,Cabal_Educator,Sat Apr 23 00:42:05 +0000 2022,-97.4451735,35.222301,@TheLastUprisin1 @JanusTiresias I need a link or something. This doesn't at all look legitimate.
1.51767E+18,kotickets,Sat Apr 23 00:42:05 +0000 2022,-88.025057,44.4714225,@JAG_805 @chupasLV @MrBitches500 High class üíØ
1.51767E+18,MattekThomas,Sat Apr 23 00:42:05 +0000 2022,-92.4367735,38.3045585,@Klohroform I am on the beginning of my own journey and üëÄing those patterns and how you outplayed them! Cobgrabs
1.51767E+18,Kaiya1212,Sat Apr 23 00:42:05 +0000 2022,-82.5117855,28.0591025,"@OldParaTRP ‚ù£üê±üíî So sorry! I've been forbidden to watch the News or get on Twitter much for a while, but I just peek‚Ä¶ https://t.co/Cqn94KU7rl"
1.51767E+18,askari_66,Sat Apr 23 00:42:05 +0000 2022,-119.7824645,36.786042,Let‚Äôs go bulls!
1.51767E+18,saint_stitts,Sat Apr 23 00:42:05 +0000 2022,-84.433106,33.7671945,Daya Bettica came to slay with that costume. I was bugging out and in a good way #DragRace
1.51767E+18,Jrobidy,Sat Apr 23 00:42:05 +0000 2022,-84.5398125,39.137038,@ochocinco I‚Äôm sure Chase felt the love üíï https://t.co/DUwWGy19rg
1.51767E+18,Iamloismarlene,Sat Apr 23 00:42:05 +0000 2022,-96.749856,46.8679685,@wife2ofhenry8 @JoyceWhiteVance That‚Äôs what we all want to know?
1.51767E+18,WX_SouthernIL,Sat Apr 23 00:42:05 +0000 2022,-98.319925,38.498196,"GOODLAND,KS (GLD) ASOS reports gust of 64 knots (73.7 mph) from SSE @ 0038Z -- KGLD 230038Z AUTO 16049G64KT 1 3/4SM‚Ä¶ https://t.co/TFk1NTIHnM"
1.51767E+18,jpetrolias,Sat Apr 23 00:42:05 +0000 2022,-79.8553565,40.4234805,No reason why half these guys can't be up in the big leagues right now. Some serious talent in this lineup.
1.51767E+18,iembot_gld,Sat Apr 23 00:42:05 +0000 2022,-98.319925,38.498196,"GOODLAND,KS (GLD) ASOS reports gust of 64 knots (73.7 mph) from SSE @ 0038Z -- KGLD 230038Z AUTO 16049G64KT 1 3/4SM‚Ä¶ https://t.co/Dbq9p1My2H"
1.51767E+18,draz909,Sat Apr 23 00:42:06 +0000 2022,-117.294096,34.134925,@DwellerAnti Easy... https://t.co/9aXKLDW4f3
1.51767E+18,x_HoneyyBrown,Sat Apr 23 00:42:06 +0000 2022,-80.8467855,35.209059,In a heartbeat .. I needa change that 2nd number now that I think about it
1.51767E+18,KIR_bigg50,Sat Apr 23 00:42:07 +0000 2022,-95.4464865,29.838495,This is how you force a narrative on the masses
1.51767E+18,QueenMa33110954,Sat Apr 23 00:42:07 +0000 2022,-76.1106515,45.5426645,I tweet not often. Don‚Äôt like the trend.Your words inspire my ears and fill my heart.  I will now hear the bird son‚Ä¶ https://t.co/clxTrUQaXX
1.51767E+18,champagneedess,Sat Apr 23 00:42:07 +0000 2022,-97.9351915,29.8956065,bipolar virgo pour me upppp
1.51767E+18,jennywoodruff,Sat Apr 23 00:42:07 +0000 2022,-87.562,30.2915,"Made it!! @ Orange Beach, Alabama https://t.co/gPnGmEHz0q"
1.51767E+18,Mentoch,Sat Apr 23 00:42:07 +0000 2022,-122.917508,49.2067515,This stadium is forever Enron FieldYou get one chance to name a park and they unfortunately drew the short end fo‚Ä¶ https://t.co/2PtbnKMcDp
1.51767E+18,lancemaney1,Sat Apr 23 00:42:07 +0000 2022,-84.237267,43.6358535,Draymond + Steph 2 man game is beautiful to watch
1.51767E+18,69UILTAZ,Sat Apr 23 00:42:07 +0000 2022,-85.242564,35.0919545,@CalvinThomps99 @ftworthnole @blaineblaine @MacWil22 @Mike_W_Simpson @CigarChairman @cksigma1914 @writercimasuda‚Ä¶ https://t.co/aYnJhsMWUC
1.51767E+18,APBerlo,Sat Apr 23 00:42:07 +0000 2022,-87.35254385,36.64933533,Evening fun with the neighbors#bb3 #berlobabies3 #uberal #fatheroffive #clarksville #clarksvilletn‚Ä¶ https://t.co/JxIMTjhL3f
1.51767E+18,TCWPreps,Sat Apr 23 00:42:07 +0000 2022,-78.1693615,39.167891,All tied at 6 ... headed to top 8th.
1.51767E+18,J_D_Turney,Sat Apr 23 00:42:07 +0000 2022,-85.9785995,35.8305215,A man's gotta do what a man's gotta do https://t.co/prmhgYEWeH
1.51767E+18,keon_ta,Sat Apr 23 00:42:08 +0000 2022,-98.716992,35.3090465,Excited to be @ UCO tomorrow @ucobronchofb @_CoachDonald
1.51767E+18,SinFizzy,Sat Apr 23 00:42:08 +0000 2022,-86.8511765,35.935017,@bbnomula Me and the boys about to have a pillow fight
1.51767E+18,jasondunn,Sat Apr 23 00:42:08 +0000 2022,-122.2740545,47.905972,"@rogue_czar @Tesla I had such high hopes for Rivian, but they are really struggling to make much of anything right‚Ä¶ https://t.co/8mTssEnMRA"
1.51767E+18,crVEEs,Sat Apr 23 00:42:09 +0000 2022,-76.074035,42.118615,Halo 5 had better emblems and player cards and medals and I just don‚Äôt understand how the medals/players cards in I‚Ä¶ https://t.co/8gqkGgbHjN
1.51767E+18,DramVoyager,Sat Apr 23 00:42:09 +0000 2022,-71.683502,42.036939,@WhiskySisters @DLaingWhisky @denverandliely Thank Youü•É
1.51767E+18,DeeGib,Sat Apr 23 00:42:09 +0000 2022,-85.8720485,30.215828,@johnrich @DavidCoss Shut up &amp; sing. That your attitude re. teachers? Don't befriend or encourage a student. My gra‚Ä¶ https://t.co/YTkG4GYqTt
1.51767E+18,Netstryke,Sat Apr 23 00:42:09 +0000 2022,-79.2725695,43.629311,A Gunther Chop.ZERO reaction. üòû#SmackDown #SmackDAHN
1.51767E+18,raheemnelsonart,Sat Apr 23 00:42:09 +0000 2022,-72.9291585,41.298394,@wildy_martinez @VoiceHQ Thanks! üôèüèæüôèüèæüôèüèæ
1.51767E+18,Imdolemite,Sat Apr 23 00:42:09 +0000 2022,-82.442694,27.9965945,"Omg...mine was 20 yrs old....""Guinness World Records recognizes a 21-year-old Florida chihuahua as the oldest dog a‚Ä¶ https://t.co/PoQqRGyAhU"
1.51767E+18,Karley_Marotta,Sat Apr 23 00:42:09 +0000 2022,-87.732013,41.8335845,Game time! Series tied at 1-1. Here we go #Bucks https://t.co/J0xULAuWHK
1.51767E+18,Taebucks34,Sat Apr 23 00:42:10 +0000 2022,-87.9672925,43.0567225,Nah seeing khris on the bench breaks my heart. You can just tell he wants to be there.
1.51767E+18,storyofryguy,Sat Apr 23 00:42:10 +0000 2022,-89.2665075,39.7393005,"@EmilioEmm @Wendys He clearly wants, no, needs Wendy's."
1.51767E+18,tmj_sfo_writing,Sat Apr 23 00:42:10 +0000 2022,-122.4077498,37.654656,"Interested in a job in #SouthSanFrancisco, CA? This could be a great fit. Click the link in our bio to apply: Sr Sv‚Ä¶ https://t.co/SFsux48OSd"
1.51767E+18,HunterHunterMi1,Sat Apr 23 00:42:10 +0000 2022,-87.9672925,43.0567225,Good Night üí§üåô Sweet Dream üò¥ Grey Wolf Carrillo üíã Tigger Carrillo https://t.co/Go8m8EDVIQ
1.51767E+18,cduvall30,Sat Apr 23 00:42:10 +0000 2022,-96.7311425,43.5410145,"@ChiefsMoGrim15 @marykaydeb2001 Once the kid graduates college and decides where she's going, I'm moving closer to her."
1.51767E+18,LittleBabyDru,Sat Apr 23 00:42:10 +0000 2022,-93.2620465,44.9706105,@Prince_Boll @KyleHo_ Just finished the new album. Giving it a SOLID 3/10
1.51767E+18,chrisfarley71,Sat Apr 23 00:42:10 +0000 2022,-111.547029,39.499762,My man
1.51767E+18,transientnumber,Sat Apr 23 00:42:11 +0000 2022,-72.973717,43.6057225,Swaggering loudly overbearing people are usually uncomfortable when they‚Äôre being spotlighted?
1.51767E+18,DennisDMorales,Sat Apr 23 00:42:11 +0000 2022,-117.61206,33.92975,Excited for this tomorrow. I will be opening in prayer.  Great opportunity for all three county communities to come‚Ä¶ https://t.co/RjONpbqjov
1.51767E+18,rojelioooo,Sat Apr 23 00:42:11 +0000 2022,-77.2369685,38.8051145,now i love my gay bestie but don‚Äôt come for me if i don‚Äôt send for youuuuü§åüèΩ https://t.co/AbStudnNjE
1.51767E+18,boyDre_,Sat Apr 23 00:42:11 +0000 2022,-84.433106,33.7671945,I had one he was mean
1.51767E+18,daltx85,Sat Apr 23 00:42:11 +0000 2022,-96.7617535,32.8198585,Anyone who voted to overturn the 2020 election has no business in Congress
1.51767E+18,Aszneth,Sat Apr 23 00:42:12 +0000 2022,-84.266174,30.4762155,@ClarePratt2 @sym4dvl @ProfessorFrenzy @ChrisAFilippone @anitakearney65 @jntweets @2084_eric @Nerikull @hcmv007‚Ä¶ https://t.co/IJWOQw1u9w
1.51767E+18,koyrae,Sat Apr 23 00:42:12 +0000 2022,-80.2285515,25.8585575,Lmfao her only fans content is boring as fuck. Solo doesn't do it for me fam. Trying watch you get creampied and ma‚Ä¶ https://t.co/kkl6pPgorx
1.51767E+18,cable_kimbra,Sat Apr 23 00:42:12 +0000 2022,-83.0038295,35.4817975,@glennLusk1 @ThinkJoMice @TonyHussein4 Didn't he preach helping the poor? Turn the other cheek? Love others as much‚Ä¶ https://t.co/AhAQJtbwCW
1.51767E+18,GailCarmichael9,Sat Apr 23 00:42:12 +0000 2022,-77.6885355,43.2514515,@Goodable @Nelba_MG I Love BROOKLYN!!!! MY HOME SWEET HOME.
1.51767E+18,BrianFr11473,Sat Apr 23 00:42:12 +0000 2022,-73.7690425,41.577484,"As if #inflation isn't bad enough, @acmemarkets won't publish their ""sale"" prices on their app unless you click on‚Ä¶ https://t.co/8vDyVsQfVQ"
1.51767E+18,DemagogueWatch,Sat Apr 23 00:42:12 +0000 2022,-70.6171685,42.6589475,@glennkirschner2 Our national cri de couer. My heart is pained to see you voice this. Barely holding onto hope here now.
1.51767E+18,CSHTexas2022,Sat Apr 23 00:42:13 +0000 2022,-95.31704,32.3156615,@DarkPhoenixEnd Exactly
1.51767E+18,AnitaRa55528227,Sat Apr 23 00:42:13 +0000 2022,-117.851089,33.842863,@OdieOrville It definitely had to been meant for you or it would not have been left there all alone like that
1.51767E+18,claireeeevoyant,Sat Apr 23 00:42:13 +0000 2022,-111.928142,33.392884,@its_lupa i wish you had a tail so you could wag it when you see your favorite person (me)
1.51767E+18,AndrewFstewart,Sat Apr 23 00:42:13 +0000 2022,-123.123581,49.257639,@_FunkyCrew @Rogers It will be :)
1.51767E+18,NWSSevereTstorm,Sat Apr 23 00:42:13 +0000 2022,-100.9767786,38.53535332,Severe Thunderstorm Warning including Scott City KS until 8:30 PM CDT https://t.co/MnHTpTdYPq
1.51767E+18,nicole__muller,Sat Apr 23 00:42:13 +0000 2022,-87.9672925,43.0567225,I really need DeRozan to have a bad game. That‚Äôs all. #bucksin6 #NBAPlayoffs
1.51767E+18,amy_stroud,Sat Apr 23 00:42:13 +0000 2022,-80.7376325,28.258804,Being asked in dating apps what NFT and crypto they should buy by multiple guys‚Ä¶ NFA guys üòÇüòÇüòÇ
1.51767E+18,Vegan_El,Sat Apr 23 00:42:14 +0000 2022,-72.66277,41.6993245,@Cocolh44 @Lightlife hot dogs
1.51767E+18,xavierbehavior,Sat Apr 23 00:42:14 +0000 2022,-87.732013,41.8335845,2 people dressed as suns at the Lorde concert. They looking like fucking cereal mascots. But that‚Äôs so smart. https://t.co/NKzkUHxVIV
1.51767E+18,DavidTinSC,Sat Apr 23 00:42:14 +0000 2022,-82.3422685,34.7959415,@Chicago_History Spin on Halsted
1.51767E+18,CorinneLBlackm1,Sat Apr 23 00:42:14 +0000 2022,-79.420865,38.0033755,@Geller19M Totally agree with you!#Trumpwon #ImpeachBidenHarris
1.51767E+18,LaurenceWHolmes,Sat Apr 23 00:42:14 +0000 2022,-87.732013,41.8335845,Goggles Bobby!!!! https://t.co/GE39MqU4K3
1.51767E+18,thomaswikjr3,Sat Apr 23 00:42:14 +0000 2022,-89.5694915,44.900818,@stickysweett1 TEAM WILLOW!!!! üòú https://t.co/3CDkZDM7Z4
1.51767E+18,gpejlc123,Sat Apr 23 00:42:15 +0000 2022,-95.4464865,29.838495,Throw Trump and his extended  family out of country and send them back to Russia where they gets their allowance.
1.51767E+18,CAESAR_TAURA,Sat Apr 23 00:42:15 +0000 2022,-118.5032585,34.415631,"Does, ‚ÄòChristian Coleman. Run the 200m. ‚Äî T.@CAESAR_TAURA : üá∫üá∏"
1.51767E+18,pale_ginger35,Sat Apr 23 00:42:15 +0000 2022,-86.791549,36.200008,In between I want to go home and I don‚Äôt want to go home. Don‚Äôt want my vacation to end.
1.51767E+18,Robincha,Sat Apr 23 00:42:15 +0000 2022,-87.732013,41.8335845,@WonderKing82 So aggravating.
1.51767E+18,SingularTobias,Sat Apr 23 00:42:15 +0000 2022,-89.5694915,44.900818,"Seriously, #savageworlds is perfect for #starwars. I've been wanting to do this conversion for a long time. #ttrpg https://t.co/iuWTVSkDrk"
1.51767E+18,justinaelisaa,Sat Apr 23 00:42:15 +0000 2022,-118.4119065,34.0207895,scrubility&gt;&gt;
1.51767E+18,metalcontessa,Sat Apr 23 00:42:15 +0000 2022,-94.5809,39.1022,"Just posted a photo @ Kansas City, Missouri https://t.co/cQ8KQO6qgx"
1.51767E+18,tommybertalott1,Sat Apr 23 00:42:16 +0000 2022,-119.636189,36.830799,@kvxmii Yes enjoy girl
1.51767E+18,A2ZSportsMedia,Sat Apr 23 00:42:16 +0000 2022,-100.0768885,31.1688935,@rouse_baseball v Gtown scoreless through 2 @FlxAtx @CarrejoColin @AmandaCarrejo https://t.co/g4FOVQdisj
1.51767E+18,Hotwielzz,Sat Apr 23 00:42:16 +0000 2022,-111.917026,40.765805,Hell yeah
1.51767E+18,CindyFVK,Sat Apr 23 00:42:16 +0000 2022,-86.441236,39.7665555,@ShaadMcGinnis @thepatrickirish @JJ__indy @theclassycraig @Eneekonese @PennandPops But that WAS ü§£üòÇü§£
1.51767E+18,NWSDodgeCity,Sat Apr 23 00:42:16 +0000 2022,-100.9767786,38.53535332,Severe Thunderstorm Warning including Scott City KS until 8:30 PM CDT https://t.co/1s9DDOw6Xa
1.51767E+18,carriebear421,Sat Apr 23 00:42:16 +0000 2022,-72.80198,41.5372335,"While ago, flashback Friday, my cousins at my baby shower ‚ô•Ô∏è https://t.co/DLJNSX5sm0"
1.51767E+18,TheZman6,Sat Apr 23 00:42:17 +0000 2022,-89.4425895,43.184631,"Bobby ""Goggles"" Portis is a vibe"
1.51767E+18,jordannduh,Sat Apr 23 00:42:17 +0000 2022,-80.263517,26.1245075,no but what do i look like paying $310 for a cheese patty?! no thanks.
1.51767E+18,SaxMike71,Sat Apr 23 00:42:17 +0000 2022,-83.804475,27.698682,"@_SuzanneReed_ Aww, thank you!Speaking of endowments, how are you liking the Snickers vein?"
1.51767E+18,rbatzz,Sat Apr 23 00:42:17 +0000 2022,-73.9685415,40.780709,I wish i could keep own skull after I‚Äôm done w it üòî
1.51767E+18,jfreshakarico2,Sat Apr 23 00:42:17 +0000 2022,-96.8799575,32.924548,Lady Camden come through like a Phoenix raising from the ashes and flames !!!!
1.51767E+18,vander_verse,Sat Apr 23 00:42:17 +0000 2022,-95.4464865,29.838495,I just had this thought to myself the other day. The answer...I don't. Even my Snapchat location is turned off!
1.51767E+18,OscarGzz2062,Sat Apr 23 00:42:17 +0000 2022,-95.5398525,30.1812515,@cpenny81 I'm at 314non Sunday.. is it near by? Maybe I can take my little niece.
1.51767E+18,desoto_news,Sat Apr 23 00:42:17 +0000 2022,-89.876449,32.571032,"‚öæÔ∏è after 2: Madison Germantown 2-4-0, Lewisburg 0-1-0. Patriots runner to second after a wild pitch but stranded.‚Ä¶ https://t.co/XC2eOmPDv5"
1.51767E+18,steelercam,Sat Apr 23 00:42:17 +0000 2022,-77.153646,39.145374,"Newman, my second guy on this team"
1.51767E+18,VinceCharron,Sat Apr 23 00:42:17 +0000 2022,-75.8001415,45.248791,@canadian_josie Not on the paid off Canada #MSM narrative to report on.
1.51767E+18,mrgodsill,Sat Apr 23 00:42:17 +0000 2022,-73.9685415,40.780709,@ArnoldFriend6 I was one of them
1.51767E+18,JulieMilnerEsq,Sat Apr 23 00:42:17 +0000 2022,-76.480734,40.4119675,Side not dude (darn spell check)
1.51767E+18,luke_chaney4,Sat Apr 23 00:42:17 +0000 2022,-80.271087,25.6994485,"This is the most comfortable Tyler Herro has looked this series, super important that he‚Äôs getting going."
1.51767E+18,JordanWilborne,Sat Apr 23 00:42:17 +0000 2022,-104.8695335,39.8533665,but she‚Äôs not as pretty üòî
1.51767E+18,kevin_foti,Sat Apr 23 00:42:18 +0000 2022,-80.084212,26.6170285,https://t.co/40S1rmwgwnTHE MARILYN MONROE JFK ROBERT JOHN3 KENNEDY FILES ARE WIDE OPEN THE NEW MOVIE CLEANS OUT HO‚Ä¶ https://t.co/7cerrX1jNP
1.51767E+18,jebuduh,Sat Apr 23 00:42:18 +0000 2022,-75.770041,42.746617,"@Cheapie13 you look pretty. i hope you have a great cheapie friday night, 13"
1.51767E+18,ArWheelz,Sat Apr 23 00:42:18 +0000 2022,-100.0768885,31.1688935,@TheDesertDaddy Ur a good lookin B...what though?
1.51767E+18,GaryHar70258384,Sat Apr 23 00:42:18 +0000 2022,-106.632718,35.1170025,@bigskybabs @LadyJayPersists Thanks
1.51767E+18,techsparky,Sat Apr 23 00:42:19 +0000 2022,-82.985772,39.9946835,@ShezaTheSergal Now draw sergal as an angry bean (or wedge) shaped sergal Just my take. It's still nice as is
1.51767E+18,NobleBill34,Sat Apr 23 00:42:19 +0000 2022,-85.0144725,41.6287,Solo Queued into 3 straight snds
1.51767E+18,gonzo6664,Sat Apr 23 00:42:19 +0000 2022,-118.4119065,34.0207895,You love to see it
1.51767E+18,kvngding,Sat Apr 23 00:42:19 +0000 2022,-76.7722385,38.9366935,@KevinLagang Can I borrow him for a week? Cause I cannot make my way to the gym for shit‚Ä¶ü•πüòÄüòÄüòÖ
1.51767E+18,BillShepherd5,Sat Apr 23 00:42:19 +0000 2022,-82.6694675,40.3651595,@nbcchicago Republican preserve paperwork..CHECK THE WHITE HOUSE SHITTER !TRUMP FILED MOST OF HIS MOST INCRIMINATIN‚Ä¶ https://t.co/bC5ovUJfCx
1.51767E+18,danieljlocke,Sat Apr 23 00:42:19 +0000 2022,-85.4915405,32.597245,We‚Äôre heading to the bottom of the sixth inning. Still 3-3
1.51767E+18,RickyResister11,Sat Apr 23 00:42:19 +0000 2022,-83.804475,27.698682,@JennaEllisEsq @RepMTG You stand with a seditionist! You are a traitor to our nation and will be remembered as such.
1.51767E+18,TattooedPandax,Sat Apr 23 00:42:19 +0000 2022,-82.985772,39.9946835,@StingerCBJ I bet she‚Äôs the biggest Stinger fan! üíöüôÇ https://t.co/Wdng0pJvOS
1.51767E+18,CarolynDeniseL1,Sat Apr 23 00:42:20 +0000 2022,-83.260274,42.4798095,@taliacadet I think so too their relationship Is the only match.
1.51767E+18,knockdownshorty,Sat Apr 23 00:42:20 +0000 2022,-76.7538045,39.305508,@1016HL Me too
1.51767E+18,JosephFairchild,Sat Apr 23 00:42:20 +0000 2022,-117.752864,33.866677,"When the wife is away, I turn into an 19 year old college student‚Ä¶except for the wine.  I don‚Äôt recall drinking‚Ä¶ https://t.co/uLFKDmyH44"
1.51767E+18,JeffersonMSOC,Sat Apr 23 00:42:20 +0000 2022,-75.19376471,40.02321202,Only one way to end the final training session for the year‚Ä¶with a W! #winningsquadüèÜ Next Match this Saturday vs‚Ä¶ https://t.co/jDDzzj3gDY
1.51767E+18,johnny101562,Sat Apr 23 00:42:20 +0000 2022,-116.7937445,47.701787,This view is by far is absolutely priceless. Its not a view of when man destroyed or what man built but what God cr‚Ä¶ https://t.co/zW3P2jREn7
1.51767E+18,CeriEverett,Sat Apr 23 00:42:21 +0000 2022,-92.5672865,44.5538985,So I looked at the photos of Rep. Madison Cawthorn and saw it said ‚ÄúQuest‚Äù in the background. This is a raunchy adu‚Ä¶ https://t.co/LnrPQ3c4TK
1.51767E+18,Prospects1500,Sat Apr 23 00:42:21 +0000 2022,-72.568948,42.0485695,@hdouglasotto Just missed our prospect ‚≠êÔ∏ès of the day today from his outing yesterday.
1.51767E+18,DrGenevaHarris,Sat Apr 23 00:42:21 +0000 2022,-75.117998,40.0048655,@Elisa50027274 Thanks!
1.51767E+18,Ralliney,Sat Apr 23 00:42:21 +0000 2022,-122.2667875,37.554668,Correction on a uniform number: David Olmedo-Barrera is #6
1.51767E+18,young_ent_,Sat Apr 23 00:42:22 +0000 2022,-86.2447285,32.364145,GUNTHER should most definitely be the one to eventually dethrone Ricochet for the IC title. #SmackDown
1.51767E+18,Aztecgoddess91,Sat Apr 23 00:42:22 +0000 2022,-119.165389,34.181956,I wish my lash girl did house calls
1.51767E+18,Buzzbeater,Sat Apr 23 00:42:22 +0000 2022,-117.661853,34.119646,Apple could be forced to give iPhones  USB-C ports if new law passes https://t.co/ZB6BWmRCXJ It‚Äôs high time somebod‚Ä¶ https://t.co/VBFfTF4YAE
1.51767E+18,lowdmusic91,Sat Apr 23 00:42:22 +0000 2022,-96.439486,32.7372485,Listen to the most recent episode of my podcast: The Things Musicians Go Through With Giant‚Ä¶ https://t.co/LH4jDOeCBZ
1.51767E+18,ana_gabrl,Sat Apr 23 00:42:22 +0000 2022,-80.2333285,25.7823535,we‚Äôre sexy
1.51767E+18,CoachHinojosWBU,Sat Apr 23 00:42:22 +0000 2022,-101.701754,34.1887265,That‚Äôs a baddddddd man!!!
1.51767E+18,Kief__sweat,Sat Apr 23 00:42:23 +0000 2022,-118.356491,33.8877895,Thank god‚Ä¶.he‚Äôs so bad when it comes to playing a winning brand of basketball‚Ä¶‚Ä¶.I‚Äôve never seen so many air balled‚Ä¶ https://t.co/ndyH65sJim
1.51767E+18,Mauison808,Sat Apr 23 00:42:23 +0000 2022,-117.0226945,38.502147,@AlSacco49 Who‚Äôs coming off a torn acl entering the draft?
1.51767E+18,RyanConwayMO,Sat Apr 23 00:42:23 +0000 2022,-92.4367735,38.3045585,"*with a hero complex in the back seat Please buy this stupid site and give me my edit button, @elonmusk"
1.51767E+18,MilesSt21209817,Sat Apr 23 00:42:23 +0000 2022,-104.789327,38.8885185,"@BraiNFTrust Sorry for the late reply (work) I'm all for him being whomever he chooses... Yet, I'm proud that he's aiming so high!üëΩüëç"
1.51767E+18,Pattysaluti11,Sat Apr 23 00:42:23 +0000 2022,-70.9477915,42.199373,@YouCantStopme59 @janisonhiatus @LiberalWarrior_ @robertwood2005 @DeryleH @WellesleyRock @PattyLehner‚Ä¶ https://t.co/APbiZcgtaC
